{
    "forge_marker": 1,
  "variants": {
    "type": {
      "lesu": { "model": "mets:lithium_energy_storage_unit_block" },
      "drop_generator": { "model": "mets:drop_generator" },
      "drop_generator_active": { "model": "mets:drop_generator_active" },
      "eesu": { "model": "mets:extreme_energy_storage_unit_block" },
      "advanced_kinetic_generator": { "model": "mets:advanced_kinetic_generator" },
      "advanced_kinetic_generator_active": { "model": "mets:advanced_kinetic_generator_active" },
      "super_kinetic_generator": { "model": "mets:super_kinetic_generator" },
      "super_kinetic_generator_active": { "model": "mets:super_kinetic_generator_active" },
      "advanced_blast_furnace": { "model": "mets:advanced_blast_furnace" },
      "advanced_blast_furnace_active": { "model": "mets:advanced_blast_furnace_active" },
      "advanced_macerator": { "model": "mets:advanced_macerator" },
      "advanced_macerator_active": { "model": "mets:advanced_macerator_active" },
      "advanced_compressor": { "model": "mets:advanced_compressor" },
      "advanced_compressor_active": { "model": "mets:advanced_compressor_active" },

      "chargepad_eesu": { "model": "mets:chargepad_extreme_energy_storage_unit_block" },
      "chargepad_eesu_active": { "model": "mets:chargepad_extreme_energy_storage_unit_block_active" },
      "chargepad_lesu": { "model": "mets:chargepad_lithium_energy_storage_unit_block" },
      "chargepad_lesu_active": { "model": "mets:chargepad_lithium_energy_storage_unit_block_active" },

      "advanced_stirling_generator": { "model": "mets:advanced_stirling_generator" },
      "advanced_stirling_generator_active": { "model": "mets:advanced_stirling_generator_active" },
      "advanced_semifluid_generator": { "model": "mets:advanced_semifluid_generator" },
      "advanced_semifluid_generator_active": { "model": "mets:advanced_semifluid_generator_active" },

      "extruding_machine": { "model": "mets:simple_machine/extruding_machine" },
      "extruding_machine_active": { "model": "mets:simple_machine/extruding_machine_active" },

      "bending_machine": { "model": "mets:simple_machine/bending_machine" },
      "bending_machine_active": { "model": "mets:simple_machine/bending_machine_active" },

      "cutting_machine": { "model": "mets:simple_machine/cutting_machine" },
      "cutting_machine_active": { "model": "mets:simple_machine/cutting_machine_active" },
      "titanium_storage_box": { "model": "mets:simple_machine/titanium_storage_box" },

      "experience_generator": { "model": "mets:experience_generator" },
      "experience_generator_active": { "model": "mets:experience_generator_active" },

      "advanced_solar_generator": { "model": "mets:advanced_solar_generator" },
      "advanced_solar_generator_active": { "model": "mets:advanced_solar_generator" },
      "photon_resonance_solar_generator": { "model": "mets:photon_resonance_solar_generator" },
      "photon_resonance_solar_generator_active": { "model": "mets:photon_resonance_solar_generator" },
      "ultimate_photon_resonance_solar_generator": { "model": "mets:ultimate_photon_resonance_solar_generator" },
      "ultimate_photon_resonance_solar_generator_active": { "model": "mets:ultimate_photon_resonance_solar_generator" },

      "wireless_power_transmission_node": { "model": "mets:wireless_power_transmission_node" },
      "wireless_power_transmission_node_active": { "model": "mets:wireless_power_transmission_node_active" },

      "geomagnetic_generator": { "model": "mets:geomagnetic_generator" },
      "geomagnetic_generator_active": { "model": "mets:geomagnetic_generator_active" },

      "neutron_polymerizer": { "model": "mets:neutron_polymerizer" },
      "neutron_polymerizer_active": { "model": "mets:neutron_polymerizer_active" },

      "electric_blast_furnace": { "model": "mets:electric_blast_furnace" },
      "electric_blast_furnace_active": { "model": "mets:electric_blast_furnace_active" },

      "gesu_core": { "model": "mets:gesu/gesu_core" },
      "gesu_core_active": { "model": "mets:gesu/gesu_core" },
      "gesu_input": { "model": "mets:gesu/gesu_input" },
      "gesu_input_active": { "model": "mets:gesu/gesu_input_active" },
      "gesu_output": { "model": "mets:gesu/gesu_output" },
      "gesu_output_active": { "model": "mets:gesu/gesu_output_active" },
      "gesu_output_luv": { "model": "mets:gesu/gesu_output" },
      "gesu_output_luv_active": { "model": "mets:gesu/gesu_output_luv_active" },

      "dimension_oil_rig_core": { "model": "mets:oil_rig/dimension_core" },
      "oil_rig_core": { "model": "mets:oil_rig/core" },
      "oil_rig_input": { "model": "mets:oil_rig/input" },
      "oil_rig_input_active": { "model": "mets:oil_rig/input_active" },
      "oil_rig_output": { "model": "mets:oil_rig/output" },
      "oil_rig_base": { "model": "mets:oil_rig/base" },
      "oil_rig_panel": { "model": "mets:oil_rig/panel" },
      "oil_rig_panel_active": { "model": "mets:oil_rig/panel_active" },
      "titanium_tank": { "model": "mets:oil_rig/titanium_tank" },

      "transformer_iv": { "model": "mets:transformer/iv" },
      "transformer_luv": { "model": "mets:transformer/luv" },

      "diesel_generator": { "model": "mets:diesel_generator" },
      "diesel_generator_active": { "model": "mets:diesel_generator_active" },

      "fabricator_core": { "model": "mets:fabricator/core" },
      "fabricator_input": { "model": "mets:fabricator/input" },
      "fabricator_input_active": { "model": "mets:fabricator/input_active" },
      "fabricator_tank": { "model": "mets:fabricator/tank" },
      "fabricator_scrap": { "model": "mets:fabricator/scrap" }
    },
    "facing": {
      "down": { "x": 90 },
      "up": { "x": 270 },
      "north": { "transform": "forge:default-block" },
      "south": { "y": 180 },
      "west": { "y": 270 },
      "east": { "y": 90 }
    },
    "inventory": [ {} ]
  }
}