{
  "parent": "block/cube",
  "textures": {
    "particle": "mets:blocks/simple_machine/titanium_storage_box",
    "all": "mets:blocks/simple_machine/titanium_storage_box"
  },
  "elements": [
    {
      "from": [ 0, 0, 0 ],
      "to": [ 16, 16, 16 ],
      "faces": {
        "down": {
          "uv": [ 0, 0, 16, 16 ],
          "texture": "#all",
          "cullface": "down",
          "tintindex": 0
        },
        "up": {
          "uv": [ 0, 0, 16, 16 ],
          "texture": "#all",
          "cullface": "up",
          "tintindex": 0
        },
        "north": {
          "uv": [ 0, 0, 16, 16 ],
          "texture": "#all",
          "cullface": "north",
          "tintindex": 0
        },
        "south": {
          "uv": [ 0, 0, 16, 16 ],
          "texture": "#all",
          "cullface": "south",
          "tintindex": 0
        },
        "west": {
          "uv": [ 0, 0, 16, 16 ],
          "texture": "#all",
          "cullface": "west",
          "tintindex": 0
        },
        "east": {
          "uv": [ 0, 0, 16, 16 ],
          "texture": "#all",
          "cullface": "east",
          "tintindex": 0
        }
      }
    }
  ]
}