{
  "pools": [
    {
      "name": "mets_loot",
      "conditions": [
        {
          "condition": "random_chance",
          "chance": 0.35
        }
      ],
      "rolls": 5,
      "bonus_rolls": 1,
      "entries": [
        {
          "type": "item",
          "name": "mets:nano_living_metal",
          "weight": 2,
          "functions": [
            {
              "function": "set_count",
              "count": {
                "min": 1,
                "max": 3
              }
            }
          ]
        },
        {
          "type": "item",
          "name": "mets:niobium_dust",
          "weight": 3,
          "functions": [
            {
              "function": "set_count",
              "count": {
                "min": 1,
                "max": 3
              }
            }
          ]
        },
        {
          "type": "item",
          "name": "mets:titanium_dust",
          "weight": 5,
          "functions": [
            {
              "function": "set_count",
              "count": {
                "min": 1,
                "max": 6
              }
            }
          ]
        }
      ]
    }
  ]
}