[[{"location":"H:\\workspace_1.12.2\\libs\\industrialcraft-2-2.8.218-ex112-dev.jar","type":"JAR","hints":{}},"ABSENT"],[{"location":"D:\\Java","type":"JRE","hints":{"EXECUTION_ENVIRONMENT":"JavaSE-1.8"}},"jre:jre:1.8.0"],[{"location":"C:\\Users\\soft\\.gradle\\caches\\minecraft\\net\\minecraftforge\\forge\\1.12.2-14.23.5.2847\\snapshot\\20171003\\forgeSrc-1.12.2-14.23.5.2847.jar","type":"JAR","hints":{}},"ABSENT"],[{"location":"H:\\workspace_1.12.2\\libs\\SlashBlade-mc1.12-r32-deobf.jar","type":"JAR","hints":{}},"ABSENT"]]