[
  {
    "uuid": "98baa43b-a62e-3d66-8ee8-0933f53e227d",
    "name": "Player605",
    "level": 4,
    "bypassesPlayerLimit": false
  },
  {
    "uuid": "0d3f56a3-2b3f-38d6-a849-9d61b8f97a5c",
    "name": "Player277",
    "level": 4,
    "bypassesPlayerLimit": false
  },
  {
    "uuid": "1178851a-8246-318e-85f8-1ae4517330a2",
    "name": "Player609",
    "level": 4,
    "bypassesPlayerLimit": false
  },
  {
    "uuid": "03a3cadb-f62b-35bd-9217-96f29d1b5c81",
    "name": "payer805",
    "level": 4,
    "bypassesPlayerLimit": false
  },
  {
    "uuid": "a73b0b5d-2d3b-3ddb-ba64-20632ca9f512",
    "name": "Player626",
    "level": 4,
    "bypassesPlayerLimit": false
  },
  {
    "uuid": "2ef1cb8d-614b-3e2e-9366-5d5cf65cf8bf",
    "name": "Player731",
    "level": 4,
    "bypassesPlayerLimit": false
  },
  {
    "uuid": "2659329e-1c65-3850-9659-d27fc655aa3c",
    "name": "Player750",
    "level": 4,
    "bypassesPlayerLimit": false
  },
  {
    "uuid": "34692304-57b2-31f8-a84c-d22c6ff753f7",
    "name": "Player812",
    "level": 4,
    "bypassesPlayerLimit": false
  },
  {
    "uuid": "d8673417-c4e9-3a05-9b69-9e1ec4bb9002",
    "name": "Player805",
    "level": 4,
    "bypassesPlayerLimit": false
  },
  {
    "uuid": "3d66a28d-6934-3ed5-8300-c1ada16fe77b",
    "name": "Player902",
    "level": 4,
    "bypassesPlayerLimit": false
  },
  {
    "uuid": "4292534d-f2c8-3960-ae02-8fc77d827539",
    "name": "Player687",
    "level": 4,
    "bypassesPlayerLimit": false
  },
  {
    "uuid": "23caebef-63a5-39b8-9ae3-6dfce0636b5f",
    "name": "Player379",
    "level": 4,
    "bypassesPlayerLimit": false
  },
  {
    "uuid": "0d1798c0-e9c5-3a83-99d9-4cf400fcf12a",
    "name": "Player583",
    "level": 4,
    "bypassesPlayerLimit": false
  },
  {
    "uuid": "8c1ef9e6-3632-3ca3-9eee-559f6e0a39df",
    "name": "Player921",
    "level": 4,
    "bypassesPlayerLimit": false
  },
  {
    "uuid": "409ad871-75ba-3dbd-b116-807d64800e7d",
    "name": "Player730",
    "level": 4,
    "bypassesPlayerLimit": false
  },
  {
    "uuid": "69f2b187-e079-316a-90f3-428ee409a7fd",
    "name": "Player934",
    "level": 4,
    "bypassesPlayerLimit": false
  },
  {
    "uuid": "a358f576-55e4-36d3-950a-a39f1875bc3b",
    "name": "Player979",
    "level": 4,
    "bypassesPlayerLimit": false
  },
  {
    "uuid": "19e1dbac-54cc-34fa-99b8-c2a0812b14c1",
    "name": "Player676",
    "level": 4,
    "bypassesPlayerLimit": false
  },
  {
    "uuid": "d752da32-446a-32a0-876c-33f203010ff8",
    "name": "Player432",
    "level": 4,
    "bypassesPlayerLimit": false
  },
  {
    "uuid": "6ab97267-d569-3e8b-a487-d3c860281e7e",
    "name": "Player736",
    "level": 4,
    "bypassesPlayerLimit": false
  },
  {
    "uuid": "0b5a2d2c-03aa-39ec-afcb-3af64e25eb27",
    "name": "Player927",
    "level": 4,
    "bypassesPlayerLimit": false
  },
  {
    "uuid": "a5319f57-56e8-315e-b8df-e2f59bce41c4",
    "name": "Player68",
    "level": 4,
    "bypassesPlayerLimit": false
  },
  {
    "uuid": "50441446-173a-3648-92c5-519e7eb2f5c1",
    "name": "Player594",
    "level": 4,
    "bypassesPlayerLimit": false
  },
  {
    "uuid": "c6ee12ed-7678-319d-87c9-a5de81832a4f",
    "name": "Player486",
    "level": 4,
    "bypassesPlayerLimit": false
  },
  {
    "uuid": "8f2ecf49-60e3-3c84-b5c7-945f8f24636d",
    "name": "Player248",
    "level": 4,
    "bypassesPlayerLimit": false
  },
  {
    "uuid": "02d7ab53-cc43-3dbe-bc5a-8521c04d75bb",
    "name": "Player462",
    "level": 4,
    "bypassesPlayerLimit": false
  },
  {
    "uuid": "d066f17c-ceec-354b-93ca-2bac5b52f993",
    "name": "Player963",
    "level": 4,
    "bypassesPlayerLimit": false
  },
  {
    "uuid": "6216d3be-96f5-3b55-9404-8ae4f0bc7784",
    "name": "Player356",
    "level": 4,
    "bypassesPlayerLimit": false
  },
  {
    "uuid": "5e0a92cf-afd6-30a3-b846-b305e832c04d",
    "name": "Player794",
    "level": 4,
    "bypassesPlayerLimit": false
  },
  {
    "uuid": "af25fa27-7674-36f1-a716-e7719e15f87a",
    "name": "Player149",
    "level": 4,
    "bypassesPlayerLimit": false
  },
  {
    "uuid": "bf0c47d3-02b6-3463-8e38-457226b1407c",
    "name": "Player781",
    "level": 4,
    "bypassesPlayerLimit": false
  },
  {
    "uuid": "e7efa64c-d66a-3088-a9f4-5a1090261573",
    "name": "Player212",
    "level": 4,
    "bypassesPlayerLimit": false
  },
  {
    "uuid": "13b6475d-fb49-342a-bca9-46b2c75cad90",
    "name": "plaer626",
    "level": 4,
    "bypassesPlayerLimit": false
  },
  {
    "uuid": "ca200422-e977-3e4c-ad0b-8fd2f35df23f",
    "name": "Player542",
    "level": 4,
    "bypassesPlayerLimit": false
  },
  {
    "uuid": "a87d2476-ff88-3799-a681-9605d7180f4f",
    "name": "Player561",
    "level": 4,
    "bypassesPlayerLimit": false
  },
  {
    "uuid": "3f18158e-f2c1-3129-a134-25632e6b98da",
    "name": "Player351",
    "level": 4,
    "bypassesPlayerLimit": false
  },
  {
    "uuid": "494e218c-ed3e-3c18-87a9-972128e58cab",
    "name": "Player972",
    "level": 4,
    "bypassesPlayerLimit": false
  },
  {
    "uuid": "fef5996a-ff47-30bf-9025-1401c61fa24d",
    "name": "Player952",
    "level": 4,
    "bypassesPlayerLimit": false
  },
  {
    "uuid": "dd69aa73-45c1-3c79-904a-4ef5b22df161",
    "name": "Player941",
    "level": 4,
    "bypassesPlayerLimit": false
  },
  {
    "uuid": "99c5cfd7-706e-3304-b77d-748a9e6aeb44",
    "name": "Player917",
    "level": 4,
    "bypassesPlayerLimit": false
  },
  {
    "uuid": "10170aa4-882d-3b2e-9798-50b9f8d93a4b",
    "name": "Player733",
    "level": 4,
    "bypassesPlayerLimit": false
  },
  {
    "uuid": "5d3c94b7-4283-30f3-8879-c10c52be0441",
    "name": "lrsoft",
    "level": 4,
    "bypassesPlayerLimit": false
  },
  {
    "uuid": "e122e0b0-374f-3b1b-a986-63f4fefee57a",
    "name": "Player270",
    "level": 4,
    "bypassesPlayerLimit": false
  },
  {
    "uuid": "80366950-5482-38de-842a-c4cdd5802ec2",
    "name": "Player374",
    "level": 4,
    "bypassesPlayerLimit": false
  },
  {
    "uuid": "1344ba46-6b08-3a2e-813a-3106d9215e61",
    "name": "Player880",
    "level": 4,
    "bypassesPlayerLimit": false
  },
  {
    "uuid": "c91a898e-0266-33ea-a80c-5a1fbebd3113",
    "name": "Player541",
    "level": 4,
    "bypassesPlayerLimit": false
  },
  {
    "uuid": "f72636fb-c7db-3c44-8cd4-8a6790fd9b69",
    "name": "Player565",
    "level": 4,
    "bypassesPlayerLimit": false
  },
  {
    "uuid": "3c0b2b93-1042-3a3d-b6b2-a97839f06c80",
    "name": "Player322",
    "level": 4,
    "bypassesPlayerLimit": false
  }
]